{
  "(0.500, 1.5)": 2.5681761207137774,
  "(0.550, 1.5)": 2.1314740264114036,
  "(0.600, 1.5)": 1.882724642495667,
  "(0.650, 1.5)": 1.6711231156253243,
  "(0.700, 1.5)": 1.5421375860063524,
  "(0.750, 1.5)": 1.4718587222065966,
  "(0.800, 1.5)": 1.3834437226407261,
  "(0.850, 1.5)": 1.2633701138575457,
  "(0.900, 1.5)": 1.1196734869471359,
  "(0.950, 1.5)": 1.0547749609427612
}