{
  "(0.500, 2.0)": 1.25,
  "(0.550, 2.0)": 1.1875,
  "(0.600, 2.0)": 1.1797,
  "(0.650, 2.0)": 1.15,
  "(0.700, 2.0)": 1.083984375,
  "(0.750, 2.0)": 0.9594,
  "(0.800, 2.0)": 0.925,
  "(0.850, 2.0)": 0.859375,
  "(0.900, 2.0)": 0.6063,
  "(0.950, 2.0)": 0.2375,
  "(1.000, 2.0)": 0.0
}
