{
  "(0.500, 2.5)": 1.4767540856305483,
  "(0.550, 2.5)": 1.2500511278744553,
  "(0.600, 2.5)": 1.1477996625324358,
  "(0.650, 2.5)": 0.9753881024867604,
  "(0.700, 2.5)": 0.8627466135438825,
  "(0.750, 2.5)": 0.7550322415867498,
  "(0.800, 2.5)": 0.7090894479374718,
  "(0.850, 2.5)": 0.5105368300684507,
  "(0.900, 2.5)": 0.4040716883753747,
  "(0.950, 2.5)": -0.3043989270182512
}