{
  "(0.500, 1.1)": 5.345617314503921,
  "(0.550, 1.1)": 4.339509384029589,
  "(0.600, 1.1)": 3.890345865742573,
  "(0.650, 1.1)": 3.3042047268000414,
  "(0.700, 1.1)": 2.916831956807786,
  "(0.750, 1.1)": 2.582567595992992,
  "(0.800, 1.1)": 2.288898120458096,
  "(0.850, 1.1)": 1.9374315001783526,
  "(0.900, 1.1)": 1.8485156527759943,
  "(0.950, 1.1)": 1.6635062208320541
}