{
  "(0.500, 3.0)": 1.3245371639770942,
  "(0.550, 3.0)": 1.171123442490574,
  "(0.600, 3.0)": 1.0413146669493134,
  "(0.650, 3.0)": 0.9150209593471803,
  "(0.700, 3.0)": 0.838978457828658,
  "(0.750, 3.0)": 0.7755708132758463,
  "(0.800, 3.0)": 0.6522827201090535,
  "(0.850, 3.0)": 0.5222363728766929,
  "(0.900, 3.0)": 0.2759798589750988,
  "(0.950, 3.0)": -0.2531117988342195
}