{
  "(0.500, 2.0)": {
    "loc": -0.73804863,
    "scale": 0.6102202885635085
  },
  "(0.550, 2.0)": {
    "loc": -0.73263684,
    "scale": 0.5316390298877446
  },
  "(0.600, 2.0)": {
    "loc": -0.720853675,
    "scale": 0.46917612457503477
  },
  "(0.650, 2.0)": {
    "loc": -0.71551089,
    "scale": 0.40973789255452586
  },
  "(0.700, 2.0)": {
    "loc": -0.7071071600000001,
    "scale": 0.3894307218339221
  },
  "(0.750, 2.0)": {
    "loc": -0.70316452,
    "scale": 0.3807543394161755
  },
  "(0.800, 2.0)": {
    "loc": -0.69773952,
    "scale": 0.3694797622997627
  },
  "(0.850, 2.0)": {
    "loc": -0.6965649899999999,
    "scale": 0.36169278434800767
  },
  "(0.900, 2.0)": {
    "loc": -0.69722173,
    "scale": 0.355976613703569
  },
  "(0.950, 2.0)": {
    "loc": -0.69464495,
    "scale": 0.3473545364991948
  }
}