{
  "(0.6, 1.0)": 0.628432365904512,
  "(0.6, 1.5)": 0.5973067568981756,
  "(0.6, 2.0)": 0.5831189061292128,
  "(0.6, 2.5)": 0.5670061424646133,
  "(0.6, 3.0)": 0.5888776387138769,
  "(0.6, 4.0)": 0.6322210080941695,
  "(0.65, 1.0)": 0.5618877501871692,
  "(0.65, 1.5)": 0.5370638920773083,
  "(0.65, 2.0)": 0.5152081162788729,
  "(0.65, 2.5)": 0.522617934550176,
  "(0.65, 3.0)": 0.5358975086047021,
  "(0.65, 4.0)": 0.5191043942006119,
  "(0.7, 1.0)": 0.49842756993448345,
  "(0.7, 1.5)": 0.4799172314705475,
  "(0.7, 2.0)": 0.4626317866554463,
  "(0.7, 2.5)": 0.45015398342008844,
  "(0.7, 3.0)": 0.47435499358910227,
  "(0.7, 4.0)": 0.4725305782153917,
  "(0.75, 1.0)": 0.4288575183776406,
  "(0.75, 1.5)": 0.40989182459967916,
  "(0.75, 2.0)": 0.40238169777211014,
  "(0.75, 2.5)": 0.38835222558790333,
  "(0.75, 3.0)": 0.3898971834854446,
  "(0.75, 4.0)": 0.4013531913230514,
  "(0.8, 1.0)": 0.3527274393784301,
  "(0.8, 1.5)": 0.34176127828870834,
  "(0.8, 2.0)": 0.3352473901817547,
  "(0.8, 2.5)": 0.3389028508508678,
  "(0.8, 3.0)": 0.33055192773926934,
  "(0.8, 4.0)": 0.3468344101103752,
  "(0.85, 1.0)": 0.27604603550537615,
  "(0.85, 1.5)": 0.2564190454531841,
  "(0.85, 2.0)": 0.24599272588223853,
  "(0.85, 2.5)": 0.2556605785243881,
  "(0.85, 3.0)": 0.257159361830963,
  "(0.85, 4.0)": 0.2643501758619604,
  "(0.9, 1.0)": 0.18801013520797855,
  "(0.9, 1.5)": 0.17630622891246991,
  "(0.9, 2.0)": 0.17893030289784592,
  "(0.9, 2.5)": 0.17456591519534811,
  "(0.9, 3.0)": 0.18345510309145313,
  "(0.9, 4.0)": 0.1709725858329413,
  "(0.95, 1.0)": 0.09553368604282414,
  "(0.95, 1.5)": 0.0920643316100603,
  "(0.95, 2.0)": 0.08893592719042114,
  "(0.95, 2.5)": 0.08878955963350518,
  "(0.95, 3.0)": 0.08761990209091995,
  "(0.95, 4.0)": 0.08839837143550108
}