{
  "(0.5000, 1.0000)": 0.7396537622172159,
  "(0.5000, 1.1000)": 0.7323129248432264,
  "(0.5000, 1.5000)": 0.7145919246121379,
  "(0.5000, 2.0000)": 0.7111975723567838,
  "(0.5000, 2.5000)": 0.6948525210864326,
  "(0.5000, 3.0000)": 0.6976498608588854,
  "(0.5500, 1.0000)": 0.690436806319775,
  "(0.5500, 1.1000)": 0.6825701514679823,
  "(0.5500, 1.5000)": 0.659313330294588,
  "(0.5500, 2.0000)": 0.6475530126097402,
  "(0.5500, 2.5000)": 0.6443972825758559,
  "(0.5500, 3.0000)": 0.6470901019891424,
  "(0.6000, 1.0000)": 0.6377627529977874,
  "(0.6000, 1.1000)": 0.6249222031073769,
  "(0.6000, 1.5000)": 0.6026381930457687,
  "(0.6000, 2.0000)": 0.5972262783814328,
  "(0.6000, 2.5000)": 0.589807895536389,
  "(0.6000, 3.0000)": 0.580425917532509,
  "(0.6500, 1.0000)": 0.5747718268339622,
  "(0.6500, 1.1000)": 0.5768886964771507,
  "(0.6500, 1.5000)": 0.5485460987981053,
  "(0.6500, 2.0000)": 0.529396695479132,
  "(0.6500, 2.5000)": 0.5310963477559376,
  "(0.6500, 3.0000)": 0.5414098797761997,
  "(0.7000, 1.0000)": 0.5040037267842008,
  "(0.7000, 1.1000)": 0.5098008966428286,
  "(0.7000, 1.5000)": 0.48423901857227225,
  "(0.7000, 2.0000)": 0.46254347432806264,
  "(0.7000, 2.5000)": 0.4716383021460737,
  "(0.7000, 3.0000)": 0.4645756149172203,
  "(0.7500, 1.0000)": 0.4346273687938874,
  "(0.7500, 1.1000)": 0.4325345293452493,
  "(0.7500, 1.5000)": 0.4062942783418426,
  "(0.7500, 2.0000)": 0.39326781718750353,
  "(0.7500, 2.5000)": 0.4000400264368762,
  "(0.7500, 3.0000)": 0.3934093612889481,
  "(0.8000, 1.0000)": 0.3575442865830385,
  "(0.8000, 1.1000)": 0.35103583745078926,
  "(0.8000, 1.5000)": 0.3392927002600169,
  "(0.8000, 2.0000)": 0.3098856911256001,
  "(0.8000, 2.5000)": 0.32791882000295647,
  "(0.8000, 3.0000)": 0.3344042292374586,
  "(0.8500, 1.0000)": 0.27497198038384674,
  "(0.8500, 1.1000)": 0.2772933695386587,
  "(0.8500, 1.5000)": 0.26161133997362707,
  "(0.8500, 2.0000)": 0.23959721704280068,
  "(0.8500, 2.5000)": 0.25333346105171195,
  "(0.8500, 3.0000)": 0.24856096215403778,
  "(0.9000, 1.0000)": 0.18799375378190486,
  "(0.9000, 1.1000)": 0.18519703173291235,
  "(0.9000, 1.5000)": 0.1787676998392964,
  "(0.9000, 2.0000)": 0.16269801903582898,
  "(0.9000, 2.5000)": 0.17325184719026565,
  "(0.9000, 3.0000)": 0.17038842321445735,
  "(0.9500, 1.0000)": 0.09639240786810754,
  "(0.9500, 1.1000)": 0.09757665510625779,
  "(0.9500, 1.5000)": 0.09148931654458481,
  "(0.9500, 2.0000)": 0.08243521931977711,
  "(0.9500, 2.5000)": 0.08891524090953506,
  "(0.9500, 3.0000)": 0.08984535144183325,
  "(1.0000, 1.0000)": 3.044497619997255e-05,
  "(1.0000, 1.1000)": 0.000846729425327819,
  "(1.0000, 1.5000)": 0.001030253728024344,
  "(1.0000, 2.0000)": 0.001559617351246545,
  "(1.0000, 2.5000)": 0.0016547405346667432,
  "(1.0000, 3.0000)": 0.0018826322238739701
}