{
  "(0.6, 1.0)": 1.0,
  "(0.6, 1.5)": 0.8457493026020945,
  "(0.6, 2.0)": 0.7275080906148867,
  "(0.6, 2.5)": 0.6656648089171975,
  "(0.6, 3.0)": 0.6502406464774505,
  "(0.6, 4.0)": 0.6322750292169848,
  "(0.65, 1.0)": 1.0,
  "(0.65, 1.5)": 0.8494077834179357,
  "(0.65, 2.0)": 0.7499355060624301,
  "(0.65, 2.5)": 0.6970774254888181,
  "(0.65, 3.0)": 0.6741766361004838,
  "(0.65, 4.0)": 0.6526311580294306,
  "(0.7, 1.0)": 1.0,
  "(0.7, 1.5)": 0.8694126124450849,
  "(0.7, 2.0)": 0.762985671732655,
  "(0.7, 2.5)": 0.713907396120137,
  "(0.7, 3.0)": 0.6826934920960789,
  "(0.7, 4.0)": 0.6702067172968363,
  "(0.75, 1.0)": 1.0,
  "(0.75, 1.5)": 0.8786419117990928,
  "(0.75, 2.0)": 0.7730658021554367,
  "(0.75, 2.5)": 0.7259732812267697,
  "(0.75, 3.0)": 0.7067255377919143,
  "(0.75, 4.0)": 0.6743976766065366,
  "(0.8, 1.0)": 1.0,
  "(0.8, 1.5)": 0.8866435742382434,
  "(0.8, 2.0)": 0.7833166028702856,
  "(0.8, 2.5)": 0.7321154502046384,
  "(0.8, 3.0)": 0.7072915467456489,
  "(0.8, 4.0)": 0.679935817509147,
  "(0.85, 1.0)": 1.0,
  "(0.85, 1.5)": 0.8928941908713693,
  "(0.85, 2.0)": 0.7896311066799602,
  "(0.85, 2.5)": 0.7371284699255339,
  "(0.85, 3.0)": 0.7140355319238723,
  "(0.85, 4.0)": 0.6981863664790494,
  "(0.9, 1.0)": 1.0,
  "(0.9, 1.5)": 0.8979830700841767,
  "(0.9, 2.0)": 0.7981944120164993,
  "(0.9, 2.5)": 0.7488571150666278,
  "(0.9, 3.0)": 0.7235655650546553,
  "(0.9, 4.0)": 0.7040773522379294,
  "(0.95, 1.0)": 1.0,
  "(0.95, 1.5)": 0.9047534207525656,
  "(0.95, 2.0)": 0.8084114773429165,
  "(0.95, 2.5)": 0.7590173926293563,
  "(0.95, 3.0)": 0.7381523082710808,
  "(0.95, 4.0)": 0.7087091200269724,
  "(1.0, 1.0)": 1.0,
  "(1.0, 1.5)": 0.9129578809211312,
  "(1.0, 2.0)": 0.817125499672531,
  "(1.0, 2.5)": 0.7640818912777486,
  "(1.0, 3.0)": 0.7456709839802103,
  "(1.0, 4.0)": 0.7215112736136502
}