{
  "(0.5000, 1.0000)": 1.0,
  "(0.5000, 1.1000)": 0.9944,
  "(0.5000, 1.5000)": 0.9126,
  "(0.5000, 2.0000)": 0.8513,
  "(0.5000, 2.5000)": 0.82347,
  "(0.5000, 3.0000)": 0.80943,
  "(0.5500, 1.0000)": 1.0,
  "(0.5500, 1.1000)": 0.99501,
  "(0.5500, 1.5000)": 0.91905,
  "(0.5500, 2.0000)": 0.85866,
  "(0.5500, 2.5000)": 0.83018,
  "(0.5500, 3.0000)": 0.81636,
  "(0.6000, 1.0000)": 1.0,
  "(0.6000, 1.1000)": 0.9955,
  "(0.6000, 1.5000)": 0.92429,
  "(0.6000, 2.0000)": 0.86536,
  "(0.6000, 2.5000)": 0.83666,
  "(0.6000, 3.0000)": 0.82238,
  "(0.6500, 1.0000)": 1.0,
  "(0.6500, 1.1000)": 0.99592,
  "(0.6500, 1.5000)": 0.92907,
  "(0.6500, 2.0000)": 0.87101,
  "(0.6500, 2.5000)": 0.84246,
  "(0.6500, 3.0000)": 0.82797,
  "(0.7000, 1.0000)": 1.0,
  "(0.7000, 1.1000)": 0.99619,
  "(0.7000, 1.5000)": 0.9337,
  "(0.7000, 2.0000)": 0.87634,
  "(0.7000, 2.5000)": 0.84789,
  "(0.7000, 3.0000)": 0.83321,
  "(0.7500, 1.0000)": 1.0,
  "(0.7500, 1.1000)": 0.99648,
  "(0.7500, 1.5000)": 0.93832,
  "(0.7500, 2.0000)": 0.88165,
  "(0.7500, 2.5000)": 0.85276,
  "(0.7500, 3.0000)": 0.83791,
  "(0.8000, 1.0000)": 1.0,
  "(0.8000, 1.1000)": 0.99684,
  "(0.8000, 1.5000)": 0.94186,
  "(0.8000, 2.0000)": 0.88648,
  "(0.8000, 2.5000)": 0.85722,
  "(0.8000, 3.0000)": 0.8424,
  "(0.8500, 1.0000)": 1.0,
  "(0.8500, 1.1000)": 0.99713,
  "(0.8500, 1.5000)": 0.94519,
  "(0.8500, 2.0000)": 0.89171,
  "(0.8500, 2.5000)": 0.86171,
  "(0.8500, 3.0000)": 0.84683,
  "(0.9000, 1.0000)": 1.0,
  "(0.9000, 1.1000)": 0.99737,
  "(0.9000, 1.5000)": 0.94872,
  "(0.9000, 2.0000)": 0.89626,
  "(0.9000, 2.5000)": 0.8663,
  "(0.9000, 3.0000)": 0.85094,
  "(0.9500, 1.0000)": 1.0,
  "(0.9500, 1.1000)": 0.99761,
  "(0.9500, 1.5000)": 0.95215,
  "(0.9500, 2.0000)": 0.90048,
  "(0.9500, 2.5000)": 0.87072,
  "(0.9500, 3.0000)": 0.85499,
  "(1.0000, 1.0000)": 1.0,
  "(1.0000, 1.1000)": 0.99787,
  "(1.0000, 1.5000)": 0.95503,
  "(1.0000, 2.0000)": 0.90464,
  "(1.0000, 2.5000)": 0.87429,
  "(1.0000, 3.0000)": 0.85866
}