{
  "(0.500, 2.0)": 0.873639193469232,
  "(0.550, 2.0)": 0.9036831225553174,
  "(0.600, 2.0)": 0.8972038928482547,
  "(0.650, 2.0)": 0.9164735656063608,
  "(0.700, 2.0)": 0.9365672173592858,
  "(0.750, 2.0)": 0.9583643739455743,
  "(0.800, 2.0)": 0.9603130996598453,
  "(0.850, 2.0)": 0.9620315183889002,
  "(0.900, 2.0)": 0.9862172359373832,
  "(0.950, 2.0)": 0.9858254275283808
}
