{
  "(0.500, 3.0)": 0.7949670826119225,
  "(0.550, 3.0)": 0.8599567365205519,
  "(0.600, 3.0)": 0.9085069143425516,
  "(0.650, 3.0)": 0.9469587689642338,
  "(0.700, 3.0)": 0.969925823801101,
  "(0.750, 3.0)": 0.9810301173889763,
  "(0.800, 3.0)": 0.9995797769443353,
  "(0.850, 3.0)": 1.0044202798229447,
  "(0.900, 3.0)": 1.0033860695097883,
  "(0.950, 3.0)": 1.000006664026961
}