{
  "(0.500, 1.1)": 0.04700307980605206,
  "(0.550, 1.1)": 0.06222461439081448,
  "(0.600, 1.1)": 0.07234589211900118,
  "(0.650, 1.1)": 0.09194542774769686,
  "(0.700, 1.1)": 0.11368146172188967,
  "(0.750, 1.1)": 0.14454619436371421,
  "(0.800, 1.1)": 0.19381821872954788,
  "(0.850, 1.1)": 0.2844414778578359,
  "(0.900, 1.1)": 0.3954088798056064,
  "(0.950, 1.1)": 0.6122255647972903
}