{
  "(0.500, 2.5)": {
    "theta_star": 0.7592247499919224,
    "t_end": 67.75961616736183
  },
  "(0.550, 2.5)": {
    "theta_star": 0.8297214353969389,
    "t_end": 323.9586985284988
  },
  "(0.600, 2.5)": {
    "theta_star": 0.8732303227397225,
    "t_end": 372.2922518626987
  },
  "(0.650, 2.5)": {
    "theta_star": 0.9290399308164115,
    "t_end": 268.2046800184635
  },
  "(0.700, 2.5)": {
    "theta_star": 0.9531195200462397,
    "t_end": 250.5116667539967
  },
  "(0.750, 2.5)": {
    "theta_star": 0.9740823943448236,
    "t_end": 289.7749423049793
  },
  "(0.800, 2.5)": {
    "theta_star": 0.9815133028531007,
    "t_end": 303.0614562838616
  },
  "(0.850, 2.5)": {
    "theta_star": 1.0012187332851366,
    "t_end": 369.1587208422607
  },
  "(0.900, 2.5)": {
    "theta_star": 0.9940545602856402,
    "t_end": 249.1440678954656
  },
  "(0.950, 2.5)": {
    "theta_star": 1.0066101479760394,
    "t_end": 252.3836068611403
  }
}