{
  "(0.500, 2.5)": 0.7592247499919224,
  "(0.550, 2.5)": 0.8297214353969389,
  "(0.600, 2.5)": 0.8732303227397225,
  "(0.650, 2.5)": 0.9290399308164115,
  "(0.700, 2.5)": 0.9531195200462397,
  "(0.750, 2.5)": 0.9740823943448236,
  "(0.800, 2.5)": 0.9815133028531007,
  "(0.850, 2.5)": 1.0012187332851366,
  "(0.900, 2.5)": 0.9940545602856402,
  "(0.950, 2.5)": 1.0066101479760394
}