{
  "(0.500, 2.0)": {
    "theta_star": 0.873639193469232,
    "t_end": 374.01431418647275
  },
  "(0.550, 2.0)": {
    "theta_star": 0.9036831225553174,
    "t_end": 662.5268889812781
  },
  "(0.600, 2.0)": {
    "theta_star": 0.8972038928482547,
    "t_end": 660.2134968760513
  },
  "(0.650, 2.0)": {
    "theta_star": 0.9164735656063608,
    "t_end": 97.70037193592351
  },
  "(0.700, 2.0)": {
    "theta_star": 0.9365672173592858,
    "t_end": 50.0
  },
  "(0.750, 2.0)": {
    "theta_star": 0.9583643739455743,
    "t_end": 568.5489903296112
  },
  "(0.800, 2.0)": {
    "theta_star": 0.9603130996598453,
    "t_end": 932.6851472263689
  },
  "(0.850, 2.0)": {
    "theta_star": 0.9620315183889002,
    "t_end": 50.0
  },
  "(0.900, 2.0)": {
    "theta_star": 0.9862172359373832,
    "t_end": 355.1184649532221
  },
  "(0.950, 2.0)": {
    "theta_star": 0.9858254275283808,
    "t_end": 50.0
  }
}