{
  "(0.500, 1.5)": 0.46616724595269443,
  "(0.550, 1.5)": 0.5547407184882599,
  "(0.600, 1.5)": 0.6274545330529102,
  "(0.650, 1.5)": 0.689038991088273,
  "(0.700, 1.5)": 0.7558171190637962,
  "(0.750, 1.5)": 0.8027992557207757,
  "(0.800, 1.5)": 0.8440739645322826,
  "(0.850, 1.5)": 0.887478319438895,
  "(0.900, 1.5)": 0.936956945918482,
  "(0.950, 1.5)": 0.9664499683419421
}