{
  "(0.500, 1.5)": {
    "theta_star": 0.46616724595269443,
    "t_end": 387.41346020445644
  },
  "(0.550, 1.5)": {
    "theta_star": 0.5547407184882599,
    "t_end": 282.0414657191404
  },
  "(0.600, 1.5)": {
    "theta_star": 0.6274545330529102,
    "t_end": 154.1522789183559
  },
  "(0.650, 1.5)": {
    "theta_star": 0.689038991088273,
    "t_end": 190.2126349359002
  },
  "(0.700, 1.5)": {
    "theta_star": 0.7558171190637962,
    "t_end": 162.9157271105611
  },
  "(0.750, 1.5)": {
    "theta_star": 0.8027992557207757,
    "t_end": 110.59447066839054
  },
  "(0.800, 1.5)": {
    "theta_star": 0.8440739645322826,
    "t_end": 131.8545203583101
  },
  "(0.850, 1.5)": {
    "theta_star": 0.887478319438895,
    "t_end": 274.0930218585182
  },
  "(0.900, 1.5)": {
    "theta_star": 0.936956945918482,
    "t_end": 154.19037095454073
  },
  "(0.950, 1.5)": {
    "theta_star": 0.9664499683419421,
    "t_end": 180.4811586531603
  }
}