{
  "(0.500, 1.1)": {
    "theta_star": 0.04700307980605206,
    "t_end": 440.29741612358447
  },
  "(0.550, 1.1)": {
    "theta_star": 0.06222461439081448,
    "t_end": 402.93810791455525
  },
  "(0.600, 1.1)": {
    "theta_star": 0.07234589211900118,
    "t_end": 447.16647348160194
  },
  "(0.650, 1.1)": {
    "theta_star": 0.09194542774769686,
    "t_end": 417.1235381306656
  },
  "(0.700, 1.1)": {
    "theta_star": 0.11368146172188967,
    "t_end": 435.8689014946864
  },
  "(0.750, 1.1)": {
    "theta_star": 0.14454619436371421,
    "t_end": 433.07844981824934
  },
  "(0.800, 1.1)": {
    "theta_star": 0.19381821872954788,
    "t_end": 406.12634670421846
  },
  "(0.850, 1.1)": {
    "theta_star": 0.2844414778578359,
    "t_end": 334.0024797189899
  },
  "(0.900, 1.1)": {
    "theta_star": 0.3954088798056064,
    "t_end": 351.0379880715123
  },
  "(0.950, 1.1)": {
    "theta_star": 0.6122255647972903,
    "t_end": 351.80449331964434
  }
}