{
  "(0.500, 2.0)": {
    "theta_star": 0.8802319457628086,
    "Z_R_eff": 1.1356999882639915,
    "gamma": 0.46714035439968166,
    "lambda_theta": 1.077330883967213,
    "K_eff": 0.8805142294036474,
    "Psi_tr": 0.26581694481693535,
    "Psi_rot": 0.20132340958274625
  },
  "(0.550, 2.0)": {
    "theta_star": 0.8864895825278682,
    "Z_R_eff": 1.7751155175347066,
    "gamma": 0.4667052223898654,
    "lambda_theta": 0.6286882834789411,
    "K_eff": 0.5633436191177053,
    "Psi_tr": 0.26637971419458106,
    "Psi_rot": 0.20032550819528439
  },
  "(0.600, 2.0)": {
    "theta_star": 0.9033110580707838,
    "Z_R_eff": 2.4885742853340718,
    "gamma": 0.45515307966861446,
    "lambda_theta": 0.4122139892576246,
    "K_eff": 0.4018365077117872,
    "Psi_tr": 0.2618793907081632,
    "Psi_rot": 0.19327368896045125
  },
  "(0.650, 2.0)": {
    "theta_star": 0.9204688909808868,
    "Z_R_eff": 1.748847230859722,
    "gamma": 0.43906048683165394,
    "lambda_theta": 0.6886019882864991,
    "K_eff": 0.5718052339588326,
    "Psi_tr": 0.2546357917823212,
    "Psi_rot": 0.18442469504933268
  },
  "(0.700, 2.0)": {
    "theta_star": 0.9350517880944059,
    "Z_R_eff": 1.1955171716067619,
    "gamma": 0.40355929163236737,
    "lambda_theta": 1.1261372164322008,
    "K_eff": 0.8364580816986602,
    "Psi_tr": 0.2355899915626844,
    "Psi_rot": 0.167969300069683
  },
  "(0.750, 2.0)": {
    "theta_star": 0.9427851786783737,
    "Z_R_eff": 3.728378511603422,
    "gamma": 0.35778338293634154,
    "lambda_theta": 0.2737437713512497,
    "K_eff": 0.2682131111119244,
    "Psi_tr": 0.20958245603022524,
    "Psi_rot": 0.1482009269061163
  },
  "(0.800, 2.0)": {
    "theta_star": 0.9583707290416552,
    "Z_R_eff": 1.0474239097325715,
    "gamma": 0.30704508669830877,
    "lambda_theta": 1.3898912969940702,
    "K_eff": 0.954723288926372,
    "Psi_tr": 0.18108077042710327,
    "Psi_rot": 0.1259643162712055
  },
  "(0.850, 2.0)": {
    "theta_star": 0.965977497465675,
    "Z_R_eff": 5.460701622101946,
    "gamma": 0.2446573160609652,
    "lambda_theta": 0.19501448946152766,
    "K_eff": 0.18312665096963815,
    "Psi_tr": 0.1447550342550226,
    "Psi_rot": 0.09990228180594259
  },
  "(0.900, 2.0)": {
    "theta_star": 0.9832601397655542,
    "Z_R_eff": 4.563922974641864,
    "gamma": 0.1710915055714106,
    "lambda_theta": 0.2894474131295931,
    "K_eff": 0.21910974518111168,
    "Psi_tr": 0.1019605579017272,
    "Psi_rot": 0.06913094766968342
  },
  "(0.950, 2.0)": {
    "theta_star": 0.9821776394584353,
    "Z_R_eff": 18.09054354086467,
    "gamma": 0.08944128847346502,
    "lambda_theta": 0.05439283324405671,
    "K_eff": 0.05527749886238097,
    "Psi_tr": 0.05327806467636468,
    "Psi_rot": 0.03616322379710034
  }
}